id,name,salary,bonus,hiring_year,dismissing_year
0,Isaiah-Harrison,35334.62,5674.14,2013,2023
1,Walter-Mathis,34391.06,3970.1,2018,2022
2,Wayne-Watts,10374.1,5738.66,2023,2023
3,Donna-Gordon,36494.17,6667.65,2000,2018
4,Patty-Perez,14233.36,4423.86,2021,2023
5,Jodi-Wilkinson,16437.14,4540.19,2021,2023
6,Christine-Weaver,26210.46,5724.65,2020,2023
7,Yvonne-Watson,35610.75,153.7,2011,2020
8,Joel-Palmer,35119.91,6945.69,2016,2023
9,Dustin-Rose,20824.57,4152.77,2020,2023
10,Kelly-Hicks,27541.7,2699.86,2018,2022
11,Kelly-Guerrero,35782.52,6372.04,2004,2019
12,Candace-Young,6095.23,5175.8,2023,2023
13,Gwendolyn-Bennett,36589.93,4359.4,1998,2009
14,Anna-Martin,34545.25,1183.31,2018,2018
15,Angel-Gray,37426.4,2495.81,1994,2008
16,Tina-Stevenson,9911.81,1037.21,2023,2023
17,Patty-Anderson,18394.53,6279.0,2021,2023
18,Manuel-Christensen,11930.12,1171.12,2023,2023
19,Keith-Walker,20987.21,3334.11,2020,2023
20,Joyce-Young,26267.66,985.1,2020,2023
21,Angie-Guerrero,3819.91,844.64,2023,2023
22,Beverly-Hunt,34134.93,1439.49,2018,2019
23,Kevin-Costa,16062.04,3772.43,2021,2022
24,Natalie-Diaz,35252.23,6473.33,2016,2022
25,Joel-Bates,10220.5,318.6,2023,2023
26,Catherine-Walker,36445.02,1490.33,2002,2019
27,Christina-Martin,34574.95,832.7,2018,2022
28,Caroline-Gordon,35735.1,3113.42,2004,2005
29,Brianna-Coffey,11176.8,5598.06,2023,2023
30,Jon-Young,35310.3,6920.26,2016,2021
31,Catherine-King,27338.61,1129.12,2018,2020
32,Gregg-Lindsey,10121.0,1238.8,2023,2023
33,Cassandra-Parks,37520.92,1839.3,1992,1996
34,Thomas-Odom,37194.58,933.5,1998,2019
35,Krista-Mitchell,8033.25,4204.33,2023,2023
36,Natalie-Rose,19567.44,861.72,2021,2021
37,Latasha-Rose,12533.54,2450.27,2022,2023
38,Cindy-Woods,11198.63,1383.66,2023,2023
39,Douglas-Palmer,17730.3,5059.7,2021,2023
40,Derek-Parks,37326.41,3001.96,1995,2015
41,Sean-Riley,25391.89,1839.84,2020,2022
42,Bobby-Hicks,24391.62,1664.63,2020,2020
43,Tina-Gallagher,37594.0,1377.68,1992,1992
44,Robert-Shaw,15292.62,6985.77,2021,2023
45,Caroline-Gray,35687.85,557.47,2011,2015
46,Paul-Christian,4202.33,1801.71,2023,2023
47,Ann-Mcdonald,16669.81,4608.13,2021,2021
48,Sheila-Wolfe,34791.44,5538.69,2018,2018
49,James-Barrera,27410.17,3622.74,2018,2023
50,Adam-Green,8445.79,3574.86,2023,2023
51,Ashley-Hayes,27246.78,4585.84,2020,2020
52,Katie-Young,32265.0,5988.81,2018,2019
53,Veronica-Munoz,36404.51,5997.31,2003,2022
54,Brittany-White,24204.29,4917.78,2020,2021
55,Andrew-Weber,7649.49,1370.43,2023,2023
56,Tina-Barrera,8103.63,3819.9,2023,2023
57,Kim-Mcdonald,35642.31,3603.77,2011,2017
58,Johnny-Allen,37656.41,1931.8,1991,2017
59,Curtis-Hill,32235.27,4334.55,2018,2023
60,Christine-Oneill,23695.86,5938.26,2020,2022
61,Lauren-Cook,10156.68,3180.42,2023,2023
62,Jill-Hester,2688.95,2382.65,2023,2023
63,Maxwell-Jones,23941.48,1030.21,2020,2020
64,Tonya-Trevino,8314.46,5933.33,2023,2023
65,Eric-Trevino,30459.5,5345.83,2018,2021
66,Jenna-Mcintyre,36503.49,1205.9,2000,2010
67,Kristen-Walton,3086.84,493.39,2023,2023
68,Randy-Riley,22641.49,5384.25,2020,2021
69,Brandi-Costa,16469.9,4764.25,2021,2021
70,Lorraine-Gallagher,37488.59,1515.15,1992,2003
71,Megan-Baker,12298.24,809.63,2022,2023
72,Janice-Nelson,12455.87,4747.1,2022,2022
73,Sherry-White,23935.77,5845.41,2020,2020
74,Donald-Munoz,19377.36,278.74,2021,2023
75,Dean-Riley,26088.05,6688.14,2020,2020
76,Cory-Young,6931.69,886.85,2023,2023
77,Kim-Mcdonald,16883.24,1011.26,2021,2023
78,Miguel-Hester,25623.94,1640.06,2020,2023
79,Meredith-Weaver,30098.03,965.63,2018,2019
80,Renee-Bennett,31291.25,6696.26,2018,2019
81,Jasmine-Fernandez,26370.41,199.22,2020,2023
82,Kenneth-Phillips,7481.62,2435.64,2023,2023
83,Joseph-Green,31070.99,1784.79,2018,2020
84,Wanda-Klein,35604.63,2112.86,2011,2018
85,Joseph-Anderson,12662.87,2503.49,2022,2023
86,Alice-Williams,26032.94,6984.13,2020,2020
87,Tanya-Oneill,35199.17,1535.47,2016,2019
88,Kristen-Coffey,32558.48,4547.31,2018,2020
89,Edwin-Riley,30838.43,3081.86,2018,2019
90,Jared-Bates,32545.96,5205.55,2018,2019
91,Joel-Morris,36983.52,4780.76,1998,2005
92,Randy-Wolfe,6720.15,5433.72,2023,2023
93,Stephanie-Flores,36169.22,3776.4,2003,2006
94,Donald-Gonzalez,13324.55,4926.22,2021,2023
95,Tina-Sexton,4836.77,4783.53,2023,2023
96,Jay-Hayes,13875.58,2840.9,2021,2022
97,Christina-Stevenson,24742.62,5260.11,2020,2020
98,Melissa-Patel,24448.48,1014.87,2020,2023
99,Darius-Anderson,9992.73,818.92,2023,2023
100,Stacy-Morrow,6486.63,3251.74,2023,2023
101,Bruce-Marsh,30734.7,5660.28,2018,2022
102,Ana-Ho,35066.82,6670.0,2016,2021
103,Wayne-Robinson,8014.46,738.01,2023,2023
104,Nathaniel-Allen,18294.5,1934.84,2021,2023
105,Amber-Riley,28605.41,2114.28,2018,2018
106,Tyler-Williams,26421.13,5484.78,2020,2023
107,Benjamin-Gordon,28184.69,1926.16,2018,2019
108,Renee-Peterson,24793.68,3259.74,2020,2020
109,Christian-Barker,27924.76,3087.29,2018,2021
110,Alison-Walker,6923.31,6788.53,2023,2023
111,Christine-Fernandez,23262.56,4994.96,2020,2020
112,Gary-Arias,4108.96,2011.8,2023,2023
113,Courtney-Morris,30472.65,1116.27,2018,2018
114,Christian-Anderson,4769.95,938.29,2023,2023
115,Sheryl-Jones,17042.77,4120.95,2021,2021
116,Toni-Herrera,13228.17,3619.57,2022,2022
117,Patricia-Soto,24197.29,3384.4,2020,2021
118,Christine-Sexton,31306.12,6577.16,2018,2021
119,Kristina-Thomas,20131.06,3715.2,2021,2022
120,Ashley-Bennett,8922.2,4709.54,2023,2023
121,Cesar-Smith,24045.83,2991.41,2020,2021
122,Jon-Munoz,35346.29,6325.28,2012,2016
123,Emily-Brown,37033.98,2100.94,1998,2015
124,Ashlee-Young,25518.29,1259.83,2020,2020
125,Chelsea-Mcdonald,37517.38,919.73,1992,1994
126,Madison-Young,1783.02,806.9,2023,2023
127,Joel-Murphy,35613.11,2113.83,2011,2013
128,William-Shaw,30129.1,4700.91,2018,2019
129,Jared-Elliott,27235.34,4844.68,2020,2020
130,Vanessa-Fernandez,32204.93,4485.52,2018,2021
131,Megan-Walker,34874.62,765.68,2016,2018
132,Jesse-Dixon,11523.53,3816.08,2023,2023
133,Luis-Mcintyre,31127.55,3694.6,2018,2019
134,Amber-Trevino,21200.63,5849.97,2020,2023
135,Andre-Stevenson,35332.79,931.64,2015,2022
136,Dan-Parks,16897.57,254.11,2021,2023
137,Meredith-Coffey,35728.53,2632.62,2004,2005
138,Margaret-Peterson,20336.91,543.55,2021,2021
139,Alice-Pena,17064.09,2780.41,2021,2021
140,Stacie-Elliott,19674.34,2168.19,2021,2023
141,Margaret-Christensen,15735.0,2228.13,2021,2021
142,Johnny-Oneill,8959.08,1481.06,2023,2023
143,Samuel-Harrison,27350.11,228.99,2018,2019
144,Andrew-Costa,21271.21,6058.46,2020,2022
145,Valerie-Sexton,37293.44,2043.08,1995,2017
146,Allen-Anderson,27742.13,3413.57,2018,2018
147,Peter-Robinson,17767.63,2695.47,2021,2023
148,Shelley-White,22143.11,4913.31,2020,2020
149,Jack-Mathis,10465.64,716.39,2023,2023
150,Gabrielle-Anderson,7472.85,6423.91,2023,2023
151,Alison-Sexton,17763.09,1107.1,2021,2021
152,Sara-Woods,18831.77,4426.82,2021,2023
153,Angie-Munoz,25268.51,6003.56,2020,2020
154,Loretta-Bates,10549.6,4688.17,2023,2023
155,Elizabeth-Allen,29856.13,5911.54,2018,2019
156,Marc-Murphy,9704.44,6368.29,2023,2023
157,Shannon-Howell,18702.51,3105.6,2021,2023
158,Renee-Thomas,16667.73,2637.46,2021,2022
159,Kyle-Oneill,27027.4,1698.5,2020,2021
160,Kelly-Gallagher,22657.34,1391.2,2020,2022
161,Cassidy-Gray,23168.44,1442.35,2020,2022
162,Kathleen-Phillips,21261.95,6590.12,2020,2020
163,Kathryn-Newman,23764.43,3094.81,2020,2020
164,Dawn-Trevino,27676.06,851.11,2018,2018
165,Ian-Green,17853.14,5806.96,2021,2023
166,Aaron-Marsh,5153.31,1645.91,2023,2023
167,Deborah-Gordon,21013.21,1681.84,2020,2023
168,Lorraine-Gray,3611.34,3275.3,2023,2023
169,Brianna-Fox,9555.71,853.39,2023,2023
170,Jackie-Young,21683.1,4354.18,2020,2023
171,Elizabeth-Ho,8094.21,2879.35,2023,2023
172,Krista-Odom,13700.96,1041.49,2021,2023
173,Brandy-Wilkinson,36667.04,6895.49,1998,2016
174,Timothy-Baker,1378.44,1354.93,2023,2023
175,Paul-Odom,32238.39,4079.45,2018,2018
176,James-Hunt,5804.19,4592.57,2023,2023
177,Latasha-Alvarez,19868.67,3528.07,2021,2022
178,Lorraine-Walton,35705.06,4787.51,2006,2008
179,Adrian-Mcintyre,33377.44,3010.43,2018,2019
180,Debra-Dixon,10613.9,6942.47,2023,2023
181,Shelby-Coffey,32569.06,6896.79,2018,2023
182,Angel-Gonzalez,35063.07,2949.12,2016,2020
183,Derek-Watson,22824.04,6581.56,2020,2023
184,Brittany-Weaver,35956.13,6067.64,2003,2013
185,Jodi-Green,5015.73,3582.78,2023,2023
186,Johnny-Mathis,14786.09,6157.67,2021,2022
187,Emily-Allen,22717.1,1586.48,2020,2020
188,Nathan-Gordon,31169.06,767.46,2018,2018
189,Kristen-Rose,26147.31,4937.98,2020,2021
190,Jeffrey-Flores,19975.08,4811.18,2021,2023
191,Emily-Hayes,16635.61,519.95,2021,2022
192,Steven-Riley,32084.77,6478.58,2018,2020
193,Cassandra-Kaiser,5278.64,2064.87,2023,2023
194,Adrian-Baker,12905.45,1958.2,2022,2023
195,Laurie-Hale,33120.79,5671.29,2018,2023
196,Albert-Perez,28819.04,5005.74,2018,2018
197,Mike-Miller,29122.14,5211.41,2018,2018
198,Patrick-Rice,26501.59,1627.55,2020,2023
199,Kaitlyn-Bates,36463.25,337.71,2001,2002
200,Brittany-Anderson,4939.88,4567.46,2023,2023
201,Latasha-Gray,37640.57,5350.88,1992,2010
202,Todd-Hayes,27656.57,3570.07,2018,2019
203,Bethany-Benson,5740.61,2793.69,2023,2023
204,Angel-Christian,4636.11,3884.38,2023,2023
205,Teresa-Coffey,7195.05,6431.99,2023,2023
206,Wesley-Guerrero,24448.53,6104.21,2020,2020
207,Tonya-Shaw,27928.2,327.0,2018,2018
208,Jerry-Morrow,21428.53,779.31,2020,2020
209,Jay-Flores,10286.84,5182.97,2023,2023
210,Jennifer-Hunt,24205.74,4752.62,2020,2023
211,Johnny-Thomas,7561.6,2147.6,2023,2023
212,Jose-Peterson,14024.58,626.37,2021,2021
213,Justin-Weber,4227.4,2928.71,2023,2023
214,Michele-Wilkinson,28116.24,2890.21,2018,2022
215,Kristen-Peterson,10129.07,2101.24,2023,2023
216,Albert-Mcdonald,22191.5,5031.96,2020,2021
217,Rachel-Guerrero,2845.01,2740.01,2023,2023
218,Michael-Hicks,32702.03,2638.28,2018,2022
219,Monica-White,10502.49,4122.47,2023,2023
220,Cesar-King,8763.89,1644.23,2023,2023
221,Alyssa-Morris,11765.84,4715.84,2023,2023
222,Stacy-Christensen,32294.71,5772.68,2018,2020
223,Bethany-Weaver,16153.58,963.64,2021,2022
224,Johnathan-Palmer,27872.0,4907.1,2018,2020
225,Deborah-Flores,34888.72,5333.59,2016,2019
226,Yvonne-Guerrero,7645.07,857.07,2023,2023
227,Lorraine-Sexton,11181.94,5970.44,2023,2023
228,Jared-Davis,32125.65,1906.5,2018,2020
229,Melanie-Watts,28409.22,944.09,2018,2023
230,Daniel-White,32444.0,4676.96,2018,2021
231,Tiffany-Gordon,7386.0,5760.65,2023,2023
232,Brianna-Fernandez,34907.03,3825.09,2016,2022
233,Angie-Anderson,29843.75,1879.97,2018,2020
234,Stacy-Serrano,16770.97,4955.71,2021,2023
235,Ian-Brown,28830.16,216.85,2018,2021
236,Gene-Munoz,37285.53,447.01,1996,2019
237,Glenda-Mcintyre,8554.05,629.27,2023,2023
238,Martha-Pena,23321.89,1717.74,2020,2023
239,Alice-Weber,26852.31,1155.95,2020,2021
240,Sheryl-Parks,37251.53,1451.64,1998,2018
241,Nancy-Arias,37413.58,3158.6,1995,2002
242,Nancy-Baker,22406.9,6057.73,2020,2022
243,Rachel-Rice,12646.08,4430.84,2022,2023
244,Jackie-Gibson,17960.03,5379.99,2021,2022
245,Mike-Gibson,9172.3,4980.73,2023,2023
246,Lisa-Parks,14711.21,3539.73,2021,2022
247,Zachary-Taylor,8417.82,6785.27,2023,2023
248,Andrew-Smith,21315.64,5523.72,2020,2023
249,Stacey-Weber,36507.89,2937.4,1998,2005
250,Nicholas-Hester,35374.11,1696.02,2011,2017
251,Jon-Arias,26662.03,5714.25,2020,2021
252,Kathleen-Coffey,20982.66,6299.08,2020,2022
253,Douglas-Barrera,15491.36,6810.45,2021,2022
254,Ian-Riley,20247.2,5576.51,2021,2023
255,Randy-Marsh,7589.2,1572.36,2023,2023
256,Briana-Miller,20515.77,6173.0,2021,2021
257,Nancy-Morris,12603.63,1958.44,2022,2022
258,Victor-Martin,29754.21,1355.29,2018,2022
259,Alison-Pena,34215.89,6504.32,2018,2019
260,Kenneth-Walton,6480.31,5836.46,2023,2023
261,Grant-Nelson,33677.41,2120.7,2018,2021
262,Kenneth-Costa,30499.96,5757.22,2018,2019
263,Madison-Newman,29059.72,2355.83,2018,2021
264,Andre-Gibson,10598.24,5978.32,2023,2023
265,Margaret-Barrera,16522.15,328.98,2021,2023
266,Margaret-Allen,26349.59,2255.73,2020,2021
267,Jason-Rose,19006.14,1771.58,2021,2022
268,Cindy-Smith,24722.4,2121.59,2020,2021
269,Audrey-Nelson,17548.1,1602.39,2021,2021
270,Madison-Costa,20229.6,2423.65,2021,2021
271,Deanna-Barrera,37583.48,6180.02,1992,2011
272,Mitchell-Guerrero,25544.99,762.92,2020,2021
273,Lucas-Morris,18922.45,1110.61,2021,2021
274,Jimmy-Hester,19244.21,2258.06,2021,2022
275,Glenda-Wong,10470.19,2152.5,2023,2023
276,Gabrielle-Watts,12280.81,3279.87,2022,2023
277,Michelle-Hayes,3069.84,637.77,2023,2023
278,Darius-Elliott,24790.94,3878.9,2020,2021
279,Mitchell-Mcdonald,35018.79,2758.52,2016,2020
280,Dustin-Newman,36428.76,3935.1,2002,2019
281,Gina-Flores,18630.88,2112.75,2021,2021
282,Brenda-Harrison,20788.21,4956.65,2020,2021
283,Erik-Hunt,13157.76,1874.26,2022,2022
284,Joshua-Howell,32500.86,941.35,2018,2022
285,Corey-Wong,8376.37,2123.75,2023,2023
286,Veronica-Anderson,24150.36,5799.0,2020,2020
287,Lauren-Stevenson,20092.69,1836.15,2021,2021
288,Tyler-Gibson,11781.63,3654.61,2023,2023
289,Dawn-Hester,31742.51,2427.4,2018,2021
290,Kathleen-Parks,27597.86,3637.11,2018,2022
291,Adam-White,4868.84,3224.0,2023,2023
292,Renee-Odom,27333.48,6227.69,2018,2018
293,Darius-Morris,3461.45,1709.67,2023,2023
294,Zachary-Soto,32478.74,3966.01,2018,2022
295,Ryan-Benson,6140.9,5739.09,2023,2023
296,Jeffrey-Weaver,21806.82,4157.33,2020,2022
297,Dan-Christensen,34237.72,3712.64,2018,2022
298,Valerie-Mitchell,37679.97,38580.7,2005,2004
299,Alexander-Patel,20313.95,2479.32,2021,2023
300,Andre-Shaw,15042.94,1233.68,2021,2021
301,Janice-Allen,26829.9,5128.22,2020,2023
302,Mike-Stevenson,20070.15,1232.01,2021,2022
303,Jeffrey-Harrison,18869.39,5165.48,2021,2023
304,Katherine-Barrera,13872.1,5372.7,2021,2023
305,Rodney-White,27358.1,6904.0,2018,2020
306,Jim-Diaz,30946.05,3515.89,2018,2019
307,Diane-Green,14665.86,6596.21,2021,2023
308,Gwendolyn-Shaw,30769.79,4521.94,2018,2021
309,Brandy-Mathis,29749.1,595.16,2018,2021
310,Dawn-Woods,17591.4,3872.66,2021,2021
311,Laura-Murphy,37733.81,397.92,1990,2023
312,Dustin-Phillips,9037.56,598.96,2023,2023
313,Susan-Phillips,18858.38,5393.74,2021,2023
314,Rhonda-Klein,21423.02,2595.57,2020,2020
315,Brittany-Thomas,11609.68,3813.15,2023,2023
316,Martha-Watson,22225.35,500.93,2020,2022
317,Paul-Oneill,17778.48,3726.95,2021,2021
318,Edward-Wolfe,23848.78,4635.88,2020,2022
319,Tammy-Parks,18468.38,6151.57,2021,2023
320,Denise-Benson,4546.06,3324.79,2023,2023
321,Patty-Green,36087.54,951.09,2003,2015
322,Parker-Miller,20287.23,5672.68,2021,2021
323,Joshua-Palmer,11190.63,911.83,2023,2023
324,Tyler-Kaiser,25935.04,1587.19,2020,2021
325,Edward-Wong,30540.36,1204.86,2018,2022
326,Wayne-Sexton,28264.97,1586.03,2018,2018
327,Margaret-Robinson,24612.44,845.67,2020,2022
328,Scott-Alvarez,16600.51,2108.24,2021,2023
329,Allison-Dixon,12438.87,873.57,2022,2022
330,Anita-Gibson,7117.5,1872.78,2023,2023
331,Michael-Nelson,32612.99,1399.7,2018,2021
332,Dylan-Rhodes,34501.82,1707.86,2018,2019
333,Patricia-Christensen,6993.32,6703.59,2023,2023
334,Sherry-Odom,7902.23,2214.47,2023,2023
335,Tracy-Bennett,34799.5,5166.18,2017,2019
336,Amber-Mcdonald,3443.06,1109.12,2023,2023
337,Todd-Arias,5644.59,1761.76,2023,2023
338,Gabrielle-Shaw,36928.35,463.0,1998,2003
339,Brandi-Phillips,33663.01,2075.04,2018,2020
340,Daniel-Benson,35726.67,4222.8,2006,2010
341,Zachary-Rhodes,17856.45,5220.73,2021,2021
342,Eddie-Rice,30636.77,2218.67,2018,2022
343,Briana-Costa,9581.08,6720.11,2023,2023
344,Andre-Woods,34204.45,5607.09,2018,2020
345,Sean-Davis,7019.22,2307.2,2023,2023
346,Stacie-Bates,12400.8,5727.72,2022,2022
347,Joyce-Kaiser,25112.24,2782.51,2020,2022
348,Kelly-Perez,32061.8,4922.3,2018,2022
349,George-Wilkinson,27845.13,2389.23,2018,2022
350,Seth-Wong,24253.06,3538.19,2020,2023
351,Brianna-Johnson,12247.13,1015.49,2022,2022
352,Johnathan-Rhodes,11552.08,5870.39,2023,2023
353,David-Oneill,27764.87,992.43,2018,2018
354,Kristen-Cook,37255.89,2307.59,1996,2003
355,Donald-Pena,18998.2,5501.23,2021,2021
356,Courtney-Gallagher,21237.66,1999.62,2020,2020
357,Jackie-Gray,20569.94,3598.44,2020,2023
358,Erik-Mcintyre,15810.24,6365.35,2021,2022
359,Katie-Bennett,28125.74,3265.19,2018,2019
360,Teresa-Watts,26673.13,5946.76,2020,2020
361,Carrie-Soto,5247.27,2770.02,2023,2023
362,Beverly-Fernandez,24470.37,1486.64,2020,2021
363,Jasmine-Peterson,17873.48,1700.76,2021,2022
364,Matthew-Williams,21095.27,5699.96,2020,2022
365,Karen-Hale,35183.93,6286.08,2016,2019
366,Shelley-Munoz,27751.81,5321.23,2018,2021
367,Ashlee-Hester,20369.08,1898.61,2021,2023
368,Justin-Rice,19133.44,2403.64,2021,2022
369,Tanya-Arias,6749.96,6346.05,2023,2023
370,Audrey-Flores,34902.23,5327.32,2016,2020
371,Wesley-Rose,4138.16,765.74,2023,2023
372,Angel-Benson,15294.52,4745.84,2021,2022
373,Julia-Mcdonald,11746.96,4085.69,2023,2023
374,Kyle-Shaw,15641.04,351.47,2021,2023
375,Tanya-Green,14399.44,3161.53,2021,2022
376,Julia-Young,4144.41,714.1,2023,2023
377,Kristy-Hicks,8275.51,5335.58,2023,2023
378,Victor-Barker,6291.52,215.88,2023,2023
379,Patty-Bates,8807.33,6020.31,2023,2023
380,Calvin-Harrison,12081.1,3719.19,2023,2023
381,Kyle-Allen,7308.18,954.28,2023,2023
382,Laurie-Miller,32335.91,6494.89,2018,2019
383,Amy-Cook,25037.32,2570.9,2020,2021
384,Tonya-White,35049.66,5166.99,2016,2020
385,Richard-Walker,15344.5,263.68,2021,2023
386,Dana-Jones,7387.53,5581.34,2023,2023
387,Jacob-Nelson,15057.87,4797.8,2021,2022
388,Angie-Elliott,8247.18,5106.99,2023,2023
389,Jackie-Sexton,19402.65,5004.13,2021,2022
390,Phillip-Hale,12333.23,1663.35,2022,2023
391,Brandon-Perez,32596.97,2973.27,2018,2019
392,Heather-Taylor,10333.5,6498.57,2023,2023
393,Tracy-Oneill,34437.27,2912.28,2018,2018
394,Patty-Munoz,36984.47,2792.38,1998,2023
395,Andre-Bates,20076.99,2537.19,2021,2023
396,Nicholas-Stevenson,31536.3,848.52,2018,2021
397,Erik-Barker,9618.39,231.27,2023,2023
398,Kelly-Johnson,8439.87,4370.95,2023,2023
399,Cindy-Christensen,9648.76,6351.01,2023,2023
400,Savannah-Kaiser,23212.62,5883.32,2020,2021
401,Sherry-Perez,13447.29,984.09,2021,2021
402,Mitchell-Davis,6459.59,6012.28,2023,2023
403,Joshua-Walker,9728.58,5527.58,2023,2023
404,Nathan-Odom,31849.54,4372.85,2018,2022
405,Shelby-Wilkinson,27359.47,3917.39,2018,2018
406,Richard-Peterson,6172.33,5330.36,2023,2023
407,Ian-Diaz,6073.84,6016.94,2023,2023
408,Lisa-Davis,37459.91,4143.22,1994,2011
409,Zachary-Mcdonald,22919.03,6646.69,2020,2022
410,Corey-Weaver,9703.84,1041.98,2023,2023
411,Jacob-Hunt,12648.73,5850.34,2022,2022
412,Tiffany-Klein,33522.11,959.63,2018,2021
413,Adrian-Kaiser,10639.35,6365.29,2023,2023
414,Christine-Riley,31989.11,3398.76,2018,2021
415,Gregg-Hayes,32984.06,2932.65,2018,2022
416,Amanda-Herrera,19904.9,1910.14,2021,2022
417,Stacie-Garrett,13667.72,2227.8,2021,2022
418,Gina-Young,30014.66,1104.72,2018,2022
419,Gene-Phillips,30481.99,5597.4,2018,2023
420,Debra-Hale,36409.51,2904.8,2003,2021
421,Dana-Serrano,27699.42,2065.26,2018,2018
422,Mark-Barrera,20690.94,5101.2,2020,2021
423,Glenda-Martinez,11083.13,2917.49,2023,2023
424,Brenda-Dixon,26920.28,5629.26,2020,2021
425,Morgan-Harrison,25133.75,4921.5,2020,2023
426,Pamela-Christensen,21144.87,770.59,2020,2020
427,Loretta-Elliott,25172.13,1055.23,2020,2021
428,Daniel-Phillips,3101.08,194.47,2023,2023
429,Stephanie-Brown,24979.13,4031.9,2020,2020
430,Rachel-Wong,37434.22,4777.98,1994,2001
431,Maxwell-Serrano,16015.45,2042.99,2021,2021
432,Audrey-Jones,18426.86,5319.82,2021,2022
433,Ana-Martin,36101.01,4128.46,2003,2020
434,Wayne-White,4965.64,4418.9,2023,2023
435,Karen-Banks,36793.61,3215.63,1998,2001
436,Sarah-Herrera,22590.0,4929.35,2020,2022
437,Beverly-Gordon,14119.22,3718.12,2021,2022
438,Rick-Elliott,11214.23,3816.95,2023,2023
439,Glenda-Mitchell,25480.46,4497.18,2020,2022
440,Sheryl-Allen,5788.95,4119.0,2023,2023
441,Phillip-Williams,14321.78,2489.84,2021,2021
442,Wayne-Green,5765.8,4407.78,2023,2023
443,Mariah-Banks,11843.82,6148.8,2023,2023
444,Savannah-Flores,35691.86,4037.21,2008,2014
445,Sherry-Costa,17457.55,4403.36,2021,2022
446,Alice-Gallagher,37347.44,2581.86,1995,1998
447,Edward-Johnson,25579.46,4275.49,2020,2023
448,Jack-Diaz,36093.05,2364.11,2003,2019
449,Kathryn-Thomas,21018.45,6490.9,2020,2020
450,Edwin-Cook,20681.24,6498.98,2020,2023
451,Latoya-Serrano,34705.98,1529.73,2018,2019
452,Sierra-White,15588.32,6320.2,2021,2021
453,Wesley-Gallagher,24113.73,5761.5,2020,2023
454,Jerry-Miller,11665.04,3438.06,2023,2023
455,Jason-Benson,37061.68,2300.27,1998,2013
456,Scott-Malone,16045.48,3891.45,2021,2023
457,Kristy-Mathis,22832.73,3685.44,2020,2022
458,Chad-Ho,18005.26,6847.57,2021,2022
459,Valerie-Hill,12638.41,1983.16,2022,2023
460,Lauren-Arias,7573.14,5703.18,2023,2023
461,Albert-Martin,11586.44,4647.46,2023,2023
462,Sierra-Kaiser,4669.01,2651.99,2023,2023
463,Troy-Wong,10794.22,6094.52,2023,2023
464,Benjamin-Alvarez,20041.07,4813.01,2021,2023
465,Ronald-Lindsey,25069.96,4978.34,2020,2022
466,Ronald-Mcintyre,32564.27,831.05,2018,2018
467,Gregg-Gordon,5817.45,3660.26,2023,2023
468,Susan-Herrera,19387.99,6191.84,2021,2023
469,Evan-Diaz,27100.88,3385.95,2020,2021
470,Eddie-Morrow,12435.07,5743.29,2022,2023
471,Joseph-Perez,25311.43,5689.94,2020,2021
472,Adrian-Flores,13283.8,4207.1,2021,2021
473,Jay-Anderson,30083.82,2874.73,2018,2022
474,Katherine-Herrera,18459.37,6779.5,2021,2022
475,Shannon-Walker,33576.29,5209.78,2018,2019
476,Candace-Kaiser,37590.12,4444.27,1992,1994
477,Steven-Munoz,7439.58,4807.58,2023,2023
478,Kaitlyn-Serrano,15983.36,4991.63,2021,2022
479,Michele-Hayes,14567.62,1818.01,2021,2021
480,Rebecca-Gallagher,31103.8,5863.04,2018,2018
481,Benjamin-Gallagher,34800.75,3077.53,2016,2018
482,Keith-Munoz,15082.53,2746.58,2021,2021
483,Erik-Murphy,11063.46,847.92,2023,2023
484,Paul-Thomas,6801.26,3690.52,2023,2023
485,Michele-Hunt,37474.7,2740.12,1992,2002
486,Deborah-Howell,32839.39,2340.27,2018,2018
487,Angela-Alvarez,26216.87,5580.98,2020,2022
488,Edwin-Mcdonald,28237.79,629.28,2018,2019
489,Heather-Serrano,31011.86,6941.34,2018,2020
490,Antonio-Costa,35805.51,3328.95,2003,2021
491,Gabrielle-Howell,2830.89,2611.02,2023,2023
492,Anna-Phillips,16675.61,4947.55,2021,2021
493,Carol-Christian,11665.42,5340.26,2023,2023
494,Angela-Klein,5907.41,4442.09,2023,2023
495,Dana-Murphy,4474.98,1813.92,2023,2023
496,Adrian-Brown,15336.76,6975.5,2021,2023
497,Bethany-Murphy,24589.08,4599.43,2020,2022
498,Valerie-Garrett,29476.01,3671.65,2018,2018
499,Katie-Rhodes,14975.44,2691.85,2021,2023
500,Bruce-Gonzalez,28149.68,6755.03,2018,2022
501,Patricia-Benson,29907.56,5187.19,2018,2020
502,Stephanie-Benson,9992.62,5022.17,2023,2023
503,Amber-Fernandez,32530.77,2690.45,2018,2018
504,Eddie-Thomas,12130.67,1375.97,2023,2023
505,Angie-Elliott,3334.23,2606.26,2023,2023
506,Dana-Malone,26912.11,4791.52,2020,2022
507,Briana-Bates,16029.26,6726.07,2021,2023
508,Paul-Rice,28310.22,2561.03,2018,2021
509,Michelle-Guerrero,33375.88,4499.47,2018,2019
510,Johnathan-Palmer,14600.58,936.93,2021,2021
511,Morgan-Mcintyre,20944.77,1744.57,2020,2022
512,William-Taylor,29208.62,2102.79,2018,2023
513,Jason-King,16143.09,1015.92,2021,2021
514,Jacob-Riley,21007.82,5455.36,2020,2021
515,Zachary-Miller,37413.69,1586.54,1994,1997
516,Dustin-Hayes,7189.61,847.57,2023,2023
517,Adrian-Hester,18737.65,5389.35,2021,2021
518,Dawn-Fernandez,36426.54,6196.05,2002,2005
519,Kimberly-Gordon,32791.88,6943.11,2018,2018
520,Sherry-Wilkinson,8216.77,5567.92,2023,2023
521,Yvonne-Sexton,9509.67,1628.91,2023,2023
522,James-Morris,23595.74,3836.61,2020,2021
523,Veronica-Lindsey,19707.88,5603.87,2021,2021
524,Cheryl-Miller,18442.19,4169.13,2021,2021
525,Betty-Benson,9454.23,554.64,2023,2023
526,Alicia-Mathis,9619.66,6611.46,2023,2023
527,Natalie-Baker,6628.92,4358.63,2023,2023
528,Madison-Gallagher,14142.99,363.43,2021,2023
529,Benjamin-Fernandez,29383.58,1441.23,2018,2023
530,Tyler-Gordon,32280.77,1533.92,2018,2018
531,Christopher-Smith,27614.74,4044.95,2018,2018
532,Glenda-Walker,35645.2,504.78,2011,2023
533,Joel-Miller,20462.77,4149.27,2021,2022
534,Brianna-Munoz,36569.06,4595.65,1998,2010
535,Emily-Brown,36326.72,3112.26,2003,2020
536,Arthur-Sexton,17939.0,2567.31,2021,2021
537,Ronald-Smith,24777.57,4832.48,2020,2020
538,Christina-Alvarez,37138.26,5053.9,1998,2010
539,Brian-Mathis,34708.79,6963.49,2018,2019
540,Kaitlyn-Howell,14169.31,5482.15,2021,2022
541,Melanie-Riley,27298.31,3971.19,2020,2021
542,Chelsea-Howell,18162.72,101.63,2021,2021
543,Alexandra-Palmer,23403.81,3392.61,2020,2022
544,Austin-Woods,10187.49,3555.79,2023,2023
545,Dawn-Hicks,26268.44,1516.25,2020,2022
546,Pamela-Thomas,16364.62,384.16,2021,2022
547,Rebecca-Odom,33548.47,1938.29,2018,2018
548,William-Garrett,17169.95,1026.2,2021,2021
549,Erik-Cook,18342.51,4076.07,2021,2023
550,Jenna-Watson,22214.7,6173.44,2020,2023
551,Madison-Arias,12689.28,6772.85,2022,2022
552,Seth-Sexton,15536.39,4333.19,2021,2022
553,Dan-Costa,34209.33,1382.68,2018,2023
554,Heather-Rice,8269.57,4048.79,2023,2023
555,Cassidy-Trevino,9019.59,4735.84,2023,2023
556,Zachary-Allen,18305.61,2573.39,2021,2022
557,Jeffrey-Wolfe,21171.06,3530.23,2020,2021
558,Jamie-Christian,4556.09,2978.53,2023,2023
559,Troy-Baker,29130.83,6656.66,2018,2022
560,Brandi-Howell,11503.18,4269.35,2023,2023
561,Cassandra-Barker,35029.27,2155.99,2016,2022
562,Alexandra-Rhodes,11856.47,6350.49,2023,2023
563,Timothy-Munoz,9609.69,6815.83,2023,2023
564,Aaron-Kaiser,8010.43,173.68,2023,2023
565,Brandon-Young,25164.27,6224.66,2020,2021
566,Dawn-Serrano,25166.03,5194.53,2020,2023
567,Mark-Perez,9775.62,324.34,2023,2023
568,Gene-Guerrero,15954.83,3559.87,2021,2021
569,Jack-Miller,34168.42,625.71,2018,2019
570,Loretta-Fernandez,28955.18,3069.92,2018,2022
571,Leah-Banks,31175.39,3190.27,2018,2022
572,Deanna-Stevenson,6672.35,1947.35,2023,2023
573,Christian-Harrison,32622.23,2284.32,2018,2019
574,Kathleen-Christian,34863.4,2472.99,2016,2023
575,Tyler-Serrano,27246.91,6245.54,2020,2020
576,Randy-Martin,20515.88,949.14,2020,2022
577,Daniel-Davis,16611.29,6861.69,2021,2021
578,Albert-Perez,12707.72,2469.96,2022,2022
579,Stacie-Williams,35373.26,4390.53,2012,2019
580,Jimmy-Watson,13215.09,1483.14,2022,2022
581,Samuel-Hicks,27634.33,5731.87,2018,2023
582,Dustin-Brown,17380.39,2312.6,2021,2021
583,Jesse-Wong,19588.37,3227.77,2021,2021
584,Adam-Green,14932.18,4245.7,2021,2022
585,Paul-Mitchell,28670.75,3837.16,2018,2018
586,Courtney-Weaver,37194.46,6544.25,1998,2020
587,Sherry-Gray,18080.24,668.62,2021,2021
588,Ana-Wong,5660.44,2411.41,2023,2023
589,Brandi-White,21437.03,704.12,2020,2022
590,Gwendolyn-Morrow,8985.48,5599.68,2023,2023
591,Patricia-Stevenson,22701.46,4375.08,2020,2021
592,Jenna-Benson,35304.83,2182.99,2016,2020
593,Ronald-Morris,10170.56,3805.98,2023,2023
594,Jack-Lindsey,30781.05,6979.5,2018,2022
595,Bethany-Klein,24130.25,2535.89,2020,2022
596,Madison-Williams,25278.16,6717.33,2020,2023
597,Edwin-Watson,34703.4,3778.32,2018,2019
598,George-Coffey,29453.64,6402.7,2018,2023
599,Anthony-Davis,23877.88,769.21,2020,2021
600,James-Kaiser,13135.42,5072.42,2022,2022
601,Darius-Marsh,7087.87,2857.25,2023,2023
602,Tina-Herrera,5059.9,1836.7,2023,2023
603,Edward-Morrow,10460.68,2060.06,2023,2023
604,Kathleen-Elliott,21476.49,360.65,2020,2020
605,Christian-Wong,13018.98,6155.28,2022,2022
606,Megan-Green,35323.95,3582.21,2016,2023
607,Steven-Martin,26920.91,5441.32,2020,2023
608,Keith-Marsh,5705.98,1159.89,2023,2023
609,Anne-White,26435.51,2269.41,2020,2020
610,Dawn-Gallagher,35289.38,4948.59,2016,2020
611,Sierra-Bates,13941.83,1378.0,2021,2023
612,Brad-Murphy,9061.51,6607.11,2023,2023
613,Dan-King,12736.67,1675.2,2022,2023
614,Alexa-Hayes,13490.01,742.19,2021,2021
615,Megan-Sexton,6256.83,3826.62,2023,2023
616,Randy-Mcintyre,18331.37,3675.18,2021,2021
617,Joyce-Herrera,6395.37,2894.12,2023,2023
618,Alexandra-Gallagher,30359.3,3339.91,2018,2020
619,Cheryl-Gonzalez,10017.5,5581.68,2023,2023
620,Betty-Oneill,30610.82,2504.7,2018,2020
621,George-Murphy,26643.13,2732.57,2020,2020
622,Erik-Allen,27725.11,4514.87,2018,2018
623,Anthony-Flores,36471.74,4442.1,2000,2000
624,Randy-Mcdonald,9849.41,2558.69,2023,2023
625,Ricky-Harrison,28801.67,6961.7,2018,2020
626,Anita-King,14869.21,6714.13,2021,2021
627,Jenna-Shaw,34536.03,2757.82,2018,2022
628,Mitchell-Elliott,36405.55,1688.24,2003,2023
629,Donna-Allen,29483.75,3687.97,2018,2022
630,Sabrina-Coffey,2186.13,1827.49,2023,2023
631,Luis-Flores,31454.29,4525.14,2018,2018
632,Shelley-Parks,33999.6,3990.53,2018,2021
633,Wanda-Weber,25231.56,5110.05,2020,2022
634,Wendy-Taylor,33678.78,4398.09,2018,2023
635,Tasha-Riley,13167.56,2199.56,2022,2022
636,Tonya-Watts,31982.42,2969.8,2018,2020
637,April-Hale,27948.67,2326.7,2018,2023
638,Annette-Wong,16040.7,3169.46,2021,2022
639,Debra-Lindsey,36894.86,2848.12,1998,2003
640,Bethany-Ho,24750.68,4301.34,2020,2020
641,Anita-Williams,21403.91,5143.92,2020,2020
642,Parker-Patel,5264.72,3949.89,2023,2023
643,Erik-Fox,30169.46,3610.42,2018,2021
644,Chelsea-Gibson,19406.31,6575.66,2021,2023
645,Allen-Hunt,30629.55,1235.18,2018,2019
646,Courtney-Barker,35305.95,2695.55,2016,2019
647,Meredith-Klein,7464.58,457.77,2023,2023
648,Ashlee-Wong,22026.57,3014.48,2020,2021
649,Briana-Gibson,13391.21,3049.12,2021,2023
650,Katherine-Mcintyre,27942.54,2672.97,2018,2018
651,Diane-Jones,31049.88,2612.21,2018,2022
652,Barbara-Arias,20730.05,112.03,2020,2023
653,Thomas-Green,33280.79,4081.97,2018,2022
654,Mitchell-Christian,18763.87,1656.11,2021,2021
655,Kaitlyn-King,27319.12,1880.0,2020,2021
656,Patricia-Rhodes,26664.04,554.48,2020,2022
657,Erik-Phillips,31809.97,2374.47,2018,2023
658,Dean-Robinson,11350.23,1944.76,2023,2023
659,Gregory-Patel,24728.01,6994.92,2020,2021
660,Ana-Hayes,15632.48,1162.56,2021,2023
661,Shelley-Gray,5179.46,2194.11,2023,2023
662,Andrew-Riley,8869.67,1211.99,2023,2023
663,Barbara-Walton,27291.22,3312.83,2020,2022
664,Ian-White,4255.32,947.49,2023,2023
665,Austin-Hill,14197.4,1941.28,2021,2023
666,Sherry-Morrow,24502.59,5581.87,2020,2022
667,Samantha-Baker,2961.02,1231.78,2023,2023
668,Gordon-Weaver,37572.33,5960.86,1992,2006
669,Vanessa-Hester,7267.43,5850.7,2023,2023
670,Jesse-Christensen,13459.77,6578.72,2021,2021
671,Rebecca-Oneill,23354.62,2411.34,2020,2021
672,Austin-Fernandez,14716.02,5439.25,2021,2023
673,Nichole-Cook,27304.12,2685.35,2020,2022
674,Chad-Wolfe,17951.66,3089.11,2021,2023
675,Douglas-Rose,17611.1,6193.88,2021,2021
676,Veronica-Smith,23579.89,1626.82,2020,2022
677,Cassidy-Newman,12236.21,5306.35,2022,2023
678,Francis-Gordon,10568.17,2114.69,2023,2023
679,Latoya-Hill,8605.2,5335.26,2023,2023
680,Tracy-Coffey,21376.92,1963.56,2020,2023
681,Catherine-Anderson,4068.59,1898.96,2023,2023
682,Evan-Robinson,31627.88,2432.71,2018,2022
683,Curtis-Davis,21266.73,6342.92,2020,2023
684,Valerie-Arias,26299.16,6022.09,2020,2021
685,Erik-Watson,15311.2,3880.85,2021,2023
686,Bryan-Rose,6765.54,6408.05,2023,2023
687,Latoya-Lindsey,4289.86,3906.08,2023,2023
688,Alexander-Jones,25383.56,3449.25,2020,2020
689,Gary-Barrera,8713.97,2796.19,2023,2023
690,Keith-Weaver,36949.65,5034.01,1998,2004
691,Joanna-Wong,23741.02,3933.72,2020,2021
692,Zachary-Fox,36197.84,5561.21,2003,2020
693,Steven-Morrow,4447.25,1061.55,2023,2023
694,Jack-Smith,26456.34,3815.66,2020,2023
695,Stacey-Watts,36751.18,1308.76,1998,2008
696,Allison-Thomas,12154.05,6513.49,2022,2023
697,Cody-Davis,8066.77,4748.31,2023,2023
698,Matthew-Benson,15088.86,2996.54,2021,2021
699,Anna-Fox,20021.06,702.52,2021,2022
700,Megan-Banks,35223.42,5069.01,2016,2020
701,Gregory-Shaw,30552.01,4587.46,2018,2019
702,David-Mcintyre,19824.63,4422.52,2021,2021
703,Sean-Patel,25811.37,5674.71,2020,2021
704,Samuel-Hill,16019.68,302.3,2021,2023
705,Zachary-Miller,23022.2,4520.28,2020,2022
706,Holly-Lindsey,20108.98,5678.5,2021,2023
707,Michelle-Young,6265.25,455.85,2023,2023
708,Kyle-Pena,31723.69,765.67,2018,2020
709,Anne-Miller,15712.18,4149.63,2021,2021
710,Jeffrey-Morrow,37458.23,6204.47,1994,2013
711,Kyle-Shaw,17031.97,3377.8,2021,2021
712,Savannah-Palmer,21968.23,5172.85,2020,2020
713,Christopher-Oneill,9457.33,4143.36,2023,2023
714,Amy-Patel,30643.24,6563.78,2018,2019
715,Debra-Shaw,35296.53,4559.63,2016,2016
716,Gary-Munoz,5434.13,2518.48,2023,2023
717,Miguel-Barker,22750.87,1959.06,2020,2023
718,Caroline-Bennett,29457.28,6292.65,2018,2023
719,Samantha-Smith,37636.92,6274.87,1992,2009
720,Emily-Gallagher,7235.05,2685.44,2023,2023
721,Gordon-Miller,6665.6,3416.44,2023,2023
722,Amy-Alvarez,5720.36,3005.19,2023,2023
723,Brandy-Howell,14190.25,3456.46,2021,2022
724,Timothy-Rodriguez,23430.37,6857.69,2020,2022
725,Andre-Dixon,4523.46,2906.12,2023,2023
726,Joel-Bates,7636.43,4464.74,2023,2023
727,Brian-Herrera,21189.52,2908.98,2020,2020
728,Melissa-Green,27001.02,6117.15,2020,2022
729,Eric-Phillips,10675.94,2562.97,2023,2023
730,Emily-Nelson,6351.54,2887.58,2023,2023
731,Heather-Walker,11831.09,6684.32,2023,2023
732,Tara-Brown,24892.82,2730.49,2020,2021
733,Margaret-Johnson,37456.1,6083.74,1994,2019
734,William-Rice,30796.62,114.45,2018,2020
735,Tanya-Riley,11060.07,6913.01,2023,2023
736,Mary-Rose,7602.04,379.94,2023,2023
737,Tami-Martin,34031.52,6167.07,2018,2021
738,Susan-Banks,15952.23,6046.94,2021,2023
739,Jodi-Anderson,17228.59,751.35,2021,2022
740,Sherry-Lindsey,30756.09,1014.23,2018,2018
741,Laurie-Elliott,15574.07,4354.69,2021,2022
742,Diane-Woods,32813.05,5017.0,2018,2023
743,Bruce-Mitchell,37723.32,1807.2,1991,1995
744,Brian-Gonzalez,10312.46,5227.23,2023,2023
745,Kimberly-Guerrero,7601.85,1443.76,2023,2023
746,Julia-Guerrero,14773.22,3322.81,2021,2021
747,Lisa-Fernandez,22794.84,2551.06,2020,2023
748,Ashley-Ho,29003.58,4846.95,2018,2021
749,Albert-Hill,22957.2,6502.84,2020,2022
750,Cesar-Garrett,13454.17,2900.75,2021,2023
751,Jackie-Garrett,33363.67,2049.09,2018,2021
752,Dawn-Hester,10335.62,1542.23,2023,2023
753,Juan-Hester,30430.71,6139.66,2018,2023
754,Keith-Sexton,33533.88,5438.88,2018,2020
755,Sherry-Brown,15288.84,2230.7,2021,2022
756,Henry-Rose,9055.12,6319.42,2023,2023
757,Jamie-Jones,17667.05,5991.53,2021,2023
758,Arthur-Robinson,14285.31,4684.94,2021,2022
759,Debra-Weber,3333.95,2509.82,2023,2023
760,Alexa-Brown,14547.67,4632.81,2021,2022
761,Glenda-Bates,21643.22,1641.75,2020,2023
762,Shelby-Allen,10943.7,4788.35,2023,2023
763,Anthony-Barker,25729.23,2810.47,2020,2022
764,Wayne-Phillips,12075.24,4405.31,2023,2023
765,Gordon-Robinson,13799.19,1798.14,2021,2023
766,Lauren-Watson,28281.2,6557.13,2018,2021
767,Briana-Elliott,23834.56,1088.97,2020,2020
768,Edwin-Miller,24745.43,2940.65,2020,2021
769,Veronica-Murphy,28719.34,141.87,2018,2019
770,Brenda-Sexton,33305.23,6580.56,2018,2020
771,Sonya-Bates,7102.49,2166.56,2023,2023
772,Alyssa-Fernandez,3676.37,1987.35,2023,2023
773,Ana-Walton,28663.38,108.05,2018,2022
774,Jill-Williams,33204.34,5153.11,2018,2018
775,Janice-Costa,27322.46,6199.21,2020,2021
776,Bruce-Davis,11459.27,1164.7,2023,2023
777,Diane-Watson,36255.94,3692.48,2003,2015
778,Corey-Benson,13090.98,3785.94,2022,2022
779,Nathan-Gordon,20121.79,6666.35,2021,2023
780,Carol-Weber,30646.61,4216.02,2018,2018
781,Kevin-Patel,33429.97,6858.92,2018,2022
782,Valerie-Gordon,32577.14,222.7,2018,2020
783,Maxwell-Rodriguez,27905.93,2080.94,2018,2022
784,Laura-Arias,30180.37,602.05,2018,2022
785,Savannah-Fernandez,30674.22,1185.3,2018,2022
786,Kathryn-Elliott,4901.0,4161.03,2023,2023
787,Wanda-Christian,15014.62,1924.41,2021,2022
788,Toni-Bates,3093.91,1168.75,2023,2023
789,Jay-Thomas,8464.73,1938.97,2023,2023
790,Paul-Odom,4459.69,2794.53,2023,2023
791,Diane-Harrison,10436.54,4549.25,2023,2023
792,Anita-Gallagher,12753.62,6434.42,2022,2023
793,Latoya-Trevino,31753.57,1012.57,2018,2022
794,Gregg-Brown,13730.21,280.23,2021,2023
795,Gregory-Arias,14183.44,771.25,2021,2023
796,Gregory-King,11871.78,6166.41,2023,2023
797,Jason-Banks,25571.97,276.05,2020,2022
798,Theresa-Gibson,11626.47,1425.44,2023,2023
799,Kim-Taylor,21736.1,4563.15,2020,2021
800,Alexa-Brown,30996.93,4041.76,2018,2022
801,Susan-Malone,20681.86,5863.9,2020,2022
802,Jimmy-Fox,33392.45,4083.39,2018,2019
803,Tina-Palmer,32911.61,2649.99,2018,2021
804,Sarah-Young,30734.12,6192.34,2018,2023
805,Julia-Fox,9791.55,5214.74,2023,2023
806,Alicia-Shaw,30918.08,1177.95,2018,2023
807,Jose-Morris,12508.48,2195.09,2022,2022
808,Bryan-Peterson,6882.35,2473.2,2023,2023
809,Ricky-Watts,32777.6,5898.03,2018,2023
810,Candace-Watson,28707.29,5165.58,2018,2022
811,Eric-Malone,35772.2,5959.9,2004,2018
812,Patrick-Martin,2128.73,2016.68,2023,2023
813,Brad-Banks,8551.69,5548.47,2023,2023
814,Parker-Weaver,11577.4,6450.19,2023,2023
815,Darius-Barker,24914.85,189.06,2020,2021
816,Anne-Kaiser,7165.24,3893.04,2023,2023
817,Jared-Wong,9180.6,493.05,2023,2023
818,Alice-Fox,25159.27,5224.55,2020,2022
819,Cheryl-Martinez,17101.83,1859.91,2021,2022
820,Samuel-Rhodes,26345.48,4697.42,2020,2021
821,Jonathan-Robinson,10463.78,4771.06,2023,2023
822,Antonio-Serrano,32602.79,353.27,2018,2022
823,Briana-Hicks,35991.5,2187.86,2003,2005
824,Stacie-Christensen,20448.86,2330.16,2021,2023
825,Pamela-Martin,25881.95,1359.5,2020,2021
826,Thomas-Flores,21106.32,1564.36,2020,2021
827,Yvonne-Peterson,15256.16,3461.29,2021,2021
828,Shelby-Brown,12212.06,5090.51,2022,2022
829,Matthew-Christian,10977.85,6943.26,2023,2023
830,Nicole-Harrison,17699.04,3499.06,2021,2023
831,Anne-Gallagher,6281.25,332.19,2023,2023
832,Sabrina-Hunt,27213.52,5349.87,2020,2022
833,Jacob-Barker,8362.94,1039.75,2023,2023
834,Mark-Harrison,13662.17,5630.93,2021,2023
835,Jon-Gordon,29612.11,2373.77,2018,2020
836,Margaret-Hester,19650.17,2609.33,2021,2021
837,Corey-Kaiser,21205.61,1620.05,2020,2023
838,Joel-Rose,1465.74,1299.23,2023,2023
839,Melanie-Weber,7243.93,111.72,2023,2023
840,Olivia-Gray,18699.63,3776.61,2021,2022
841,Albert-Sexton,21013.23,6418.35,2020,2020
842,Taylor-Martin,17087.97,3364.09,2021,2022
843,Corey-Malone,23852.78,1380.9,2020,2023
844,Chad-Riley,15598.24,3974.57,2021,2021
845,Andrew-Christian,16728.79,133.15,2021,2022
846,Donna-Klein,20649.53,3224.66,2020,2021
847,Joanna-Malone,20253.1,3483.15,2021,2021
848,Darius-Nelson,36703.58,6474.64,1998,2009
849,Morgan-Herrera,22171.73,756.09,2020,2023
850,Cassidy-Arias,18188.85,2625.11,2021,2021
851,Victor-Barrera,9878.74,3662.07,2023,2023
852,Sarah-Nelson,19881.9,4087.41,2021,2021
853,Brittany-Rice,35315.2,2569.56,2016,2016
854,Nichole-Newman,13134.5,2924.87,2022,2023
855,Nathan-Stevenson,8306.59,1831.46,2023,2023
856,Kim-Patel,32855.16,4150.97,2018,2020
857,Patrick-Ho,23961.91,5275.78,2020,2021
858,Rebecca-Odom,34549.59,1208.51,2018,2018
859,Richard-Davis,17094.48,6542.28,2021,2021
860,April-Garrett,10169.74,5966.8,2023,2023
861,Valerie-Anderson,15231.68,1378.92,2021,2023
862,Veronica-Kaiser,34139.65,531.86,2018,2019
863,Tasha-Fox,13218.27,914.21,2022,2023
864,Valerie-Harrison,18733.92,3763.52,2021,2022
865,Amy-Mathis,36434.2,1323.59,2002,2011
866,Troy-Howell,11214.36,2325.07,2023,2023
867,Taylor-Sexton,11198.22,5158.47,2023,2023
868,Stacie-Morrow,5328.95,3804.63,2023,2023
869,Julia-Hicks,12874.66,2227.1,2022,2023
870,Patrick-Flores,29734.35,5011.9,2018,2022
871,Wanda-Odom,24626.13,3762.82,2020,2021
872,Olivia-Gibson,4437.03,1226.39,2023,2023
873,Nicole-Harrison,14844.6,3164.31,2021,2023
874,Tracy-Woods,12515.92,6583.84,2022,2022
875,Nancy-Walker,36504.99,4779.5,2000,2019
876,Maria-Marsh,33350.73,573.84,2018,2022
877,Anne-Woods,23788.53,507.17,2020,2022
878,Kaitlyn-Rose,23652.0,6617.96,2020,2021
879,Ashley-Brown,5768.12,2629.48,2023,2023
880,Brandi-Mcintyre,28921.2,1367.89,2018,2018
881,Pamela-Garrett,13722.96,1949.66,2021,2021
882,Morgan-Serrano,36704.28,2781.78,1998,2011
883,Latasha-Rodriguez,17475.29,5369.85,2021,2023
884,Joanna-Anderson,8797.69,4155.89,2023,2023
885,Cody-Parks,29146.07,4268.82,2018,2021
886,Ann-Peterson,28916.44,1300.46,2018,2021
887,Jon-Williams,27666.04,5799.83,2018,2023
888,Wanda-Gonzalez,8029.06,5403.69,2023,2023
889,Laurie-Weber,19377.15,182.66,2021,2022
890,Brittany-Green,7933.85,4643.95,2023,2023
891,Audrey-Oneill,27106.81,3724.01,2020,2023
892,Brianna-Hale,30348.33,3518.08,2018,2022
893,Jack-Lindsey,37254.94,2460.75,1997,2021
894,Victor-Williams,17640.25,140.16,2021,2021
895,Kristen-Perez,20021.59,6192.4,2021,2022
896,Stacey-Hale,5723.69,1615.44,2023,2023
897,Ricky-Thomas,23420.49,405.59,2020,2023
898,Kathryn-Smith,22784.28,288.7,2020,2022
899,James-Diaz,27624.3,6129.14,2018,2020
900,Caroline-Lindsey,8866.24,6000.52,2023,2023
901,Thomas-Ho,25920.78,3298.53,2020,2021
902,Kevin-Garrett,9539.49,5254.87,2023,2023
903,Wesley-Wolfe,7558.19,3578.14,2023,2023
904,Emily-Gonzalez,33984.78,1680.0,2018,2020
905,Melissa-Pena,10811.4,454.19,2023,2023
906,Calvin-Garrett,22916.47,2019.6,2020,2023
907,Henry-Woods,16257.28,1823.93,2021,2022
908,Heather-Weber,20601.04,5620.18,2020,2022
909,Evan-Davis,29989.53,4737.57,2018,2019
910,Valerie-Parks,37462.43,3504.77,1992,1992
911,Sara-Fernandez,11229.34,5539.67,2023,2023
912,Wesley-Soto,18586.79,4189.41,2021,2021
913,Joanna-Pena,36195.5,4726.63,2003,2008
914,Phillip-Morris,28323.98,3152.13,2018,2022
915,Latoya-White,18101.94,2653.83,2021,2022
916,Steven-Martinez,36607.99,3141.54,1998,2009
917,Madison-Howell,36591.46,1735.03,1998,2008
918,Victor-Rodriguez,9298.98,393.85,2023,2023
919,Gary-Marsh,31122.77,3663.17,2018,2019
920,Betty-Smith,5554.49,2679.28,2023,2023
921,Gordon-Gonzalez,10762.4,5349.78,2023,2023
922,Edward-Miller,16124.71,5599.45,2021,2022
923,Tammy-Sexton,9441.36,2092.49,2023,2023
924,Sheila-Garrett,34805.23,3013.9,2016,2018
925,Bradley-Sexton,12484.16,440.79,2022,2022
926,Nicole-Cook,37433.34,2483.12,1994,2020
927,Amber-White,37290.53,5558.22,1996,2019
928,Carrie-Barker,17252.81,5809.58,2021,2021
929,Kristen-Harrison,21799.17,2023.96,2020,2023
930,Jose-Herrera,28538.79,1439.32,2018,2023
931,Manuel-Thomas,28937.23,4262.84,2018,2023
932,Justin-Anderson,19290.25,1083.82,2021,2023
933,Elizabeth-Costa,5642.72,3512.54,2023,2023
934,James-Miller,24804.52,5461.77,2020,2023
935,Joel-Taylor,19010.44,6611.45,2021,2021
936,Gabrielle-Hale,15784.9,4990.58,2021,2023
937,Lauren-Morris,29603.78,2230.56,2018,2021
938,Ann-Harrison,22631.83,620.74,2020,2022
939,William-Parks,18074.95,6870.75,2021,2022
940,Grant-Riley,12744.14,5792.81,2022,2022
941,Kristen-Barker,19424.54,2646.29,2021,2021
942,Tasha-Brown,18262.05,549.43,2021,2023
943,Zachary-Malone,6240.46,4954.04,2023,2023
944,Sabrina-Mitchell,29348.06,4384.15,2018,2022
945,Sarah-Phillips,8717.17,6675.75,2023,2023
946,Joseph-Wolfe,22107.65,675.88,2020,2020
947,Alexa-Lindsey,27370.15,990.27,2018,2019
948,Joshua-Rhodes,15888.14,6738.66,2021,2021
949,Tina-Howell,30619.28,3004.53,2018,2020
950,Jesse-White,18415.89,6816.74,2021,2021
951,Shannon-Gonzalez,37373.54,5102.06,1995,2013
952,Tonya-Watson,2606.48,988.75,2023,2023
953,Debra-Hicks,30626.73,4174.28,2018,2021
954,Travis-Wong,16467.02,384.06,2021,2023
955,Denise-Weaver,8169.25,6251.57,2023,2023
956,Lucas-Diaz,5795.51,1950.46,2023,2023
957,Carrie-Wolfe,6045.1,3196.84,2023,2023
958,Brianna-Bennett,26561.17,1234.29,2020,2022
959,Lorraine-Martinez,35090.49,315.23,2016,2019
960,Marie-Wong,14522.6,2227.16,2021,2021
961,Wendy-Robinson,27708.27,5047.7,2018,2023
962,Audrey-Harrison,35176.0,1055.34,2016,2017
963,Katherine-Brown,23049.7,3949.94,2020,2020
964,Melissa-Lindsey,14994.8,643.55,2021,2023
965,Shelley-Mcintyre,18853.04,6078.01,2021,2022
966,Dylan-Costa,25524.43,3920.37,2020,2021
967,Jay-Walker,2873.8,2166.76,2023,2023
968,Heather-Smith,22330.03,6585.38,2020,2020
969,Brenda-Stevenson,19562.22,5313.77,2021,2022
970,Craig-Kaiser,23262.62,1247.58,2020,2023
971,Stacey-Wong,30572.32,6005.74,2018,2021
972,Joyce-Peterson,24639.4,1254.2,2020,2021
973,Cassidy-Rodriguez,13730.88,1348.07,2021,2023
974,Albert-Newman,18870.22,4983.35,2021,2023
975,Stephanie-Christian,36440.81,4777.26,2002,2013
976,Alicia-Miller,35854.32,6352.03,2003,2014
977,Jonathan-Christensen,7008.22,1389.57,2023,2023
978,Anthony-Mitchell,14834.21,2207.21,2021,2023
979,Sonya-Newman,17395.59,2853.68,2021,2022
980,Miguel-Walker,21598.56,2363.54,2020,2022
981,Chelsea-Robinson,25115.83,3871.67,2020,2020
982,Stacey-Harrison,31461.56,6965.11,2018,2021
983,Alexandra-Walton,21967.82,6944.66,2020,2021
984,Samuel-Kaiser,5016.31,1056.7,2023,2023
985,Dylan-Arias,13273.73,4265.79,2022,2023
986,Brandon-Guerrero,7863.44,1879.64,2023,2023
987,Tammy-King,33860.12,4677.56,2018,2022
988,Cesar-Sexton,2582.36,1288.51,2023,2023
989,Elizabeth-Wolfe,8272.95,4701.74,2023,2023
990,Catherine-Watson,16602.97,4960.34,2021,2022
991,Diane-Miller,30894.16,2299.11,2018,2023
992,Theresa-Lindsey,14415.27,6880.56,2021,2023
993,Rhonda-Klein,31816.1,5008.29,2018,2023
994,Kristy-Guerrero,19479.23,460.53,2021,2021
995,Amanda-Garrett,12440.26,2419.35,2022,2023
996,Gordon-Herrera,18317.29,4413.31,2021,2023
997,Olivia-Stevenson,24324.69,2375.75,2020,2020
998,Alyssa-Banks,9651.39,5863.26,2023,2023
999,Emily-Oneill,34542.61,1903.25,2018,2018
